city,lat,lng
Mexico City,19.4333,-99.1333
Guadalajara,20.6767,-103.3475
Monterrey,25.6667,-100.3
Tijuana,32.525,-117.0333
Ecatepec,19.6097,-99.06
Puebla,19.0333,-98.1833
Leon de los Aldama,21.1167,-101.6833
Juarez,31.7386,-106.487
Zapopan,20.7167,-103.4
Nezahualcoyotl,19.4,-98.9889
Ciudad Nezahualcoyotl,19.41,-99.03
Mexicali,32.6633,-115.4678
Aguascalientes,21.876,-102.296
Merida,20.97,-89.62
Chihuahua,28.6353,-106.0889
Naucalpan de Juarez,19.4753,-99.2378
San Luis Potosi,22.1511,-100.9761
Toluca,19.2925,-99.6569
Hermosillo,29.0989,-110.9542
Saltillo,25.4333,-101
Queretaro,20.5875,-100.3928
Culiacan,24.8069,-107.3939
Morelia,19.7683,-101.1894
Tlalnepantla,19.5367,-99.1947
Cancun,21.1606,-86.8475
Reynosa,26.0922,-98.2778
Guadalupe,25.6775,-100.2597
Acapulco de Juarez,16.8636,-99.8825
Torreon,25.5394,-103.4486
Durango,24.0167,-104.6667
Villahermosa,17.9892,-92.9281
Chimalhuacan,19.4167,-98.9
Tuxtla,16.7528,-93.1167
Tlaquepaque,20.6167,-103.3167
Veracruz,19.1903,-96.1533
Tlajomulco de Zuniga,20.4736,-103.4431
Xalapa,19.54,-96.9275
Ciudad Apodaca,25.7833,-100.1833
Ensenada,31.8578,-116.6058
Heroica Matamoros,25.8797,-97.5042
Cuautitlan Izcalli,19.65,-99.25
Mazatlan,23.22,-106.42
Mazatan,29.0167,-110.1333
Ixtapaluca,19.3186,-98.8822
Ciudad Lopez Mateos,19.55,-99.2833
Tultitlan de Mariano Escobedo,19.645,-99.1694
San Nicolas de los Garza,25.75,-100.2833
Celaya,20.5222,-100.8122
Ciudad Obregon,27.4939,-109.9389
Irapuato,20.6667,-101.35
Tonala,20.6167,-103.2333
Nuevo Laredo,27.4861,-99.5069
Nicolas Romero,19.5833,-99.3667
Cuernavaca,18.9186,-99.2342
Tecamac,19.7131,-98.9683
Ciudad General Escobedo,25.7933,-100.1583
Minatitlan,17.9833,-94.55
Tepic,21.5083,-104.8931
Gomez Palacio,25.5611,-103.4983
Tapachula,14.9,-92.2667
Coatzacoalcos,18.15,-94.4333
Uruapan,19.4208,-102.0628
Tampico,22.2553,-97.8686
Chalco,19.2647,-98.8975
Ciudad Victoria,23.7333,-99.1333
Oaxaca,17.0833,-96.75
Coacalco,19.6333,-99.0931
Pachuca,20.1,-98.75
Tehuacan,18.4617,-97.3928
Salamanca,20.5703,-101.1972
Ciudad Benito Juarez,25.65,-100.0833
Ciudad Santa Catarina,25.6833,-100.45
Texcoco,19.52,-98.88
Los Mochis,25.7835,-108.9937
Playa del Carmen,20.6275,-87.0811
La Paz,24.1422,-110.3108
San Juan del Rio,20.3833,-99.9833
Monclova,26.9103,-101.4222
Huixquilucan,19.3611,-99.3508
Puerto Vallarta,20.6667,-105.2667
Campeche,19.85,-90.5306
Heroica Nogales,31.3186,-110.9458
Cordoba,18.8942,-96.9347
Ciudad Acuna,29.3242,-100.9317
Soledad de Graciano Sanchez,22.1833,-100.9333
Guadalupe,22.7528,-102.5078
Ciudad Madero,22.25,-97.8333
Buenavista,19.6083,-99.1694
Metepec,19.2511,-99.6047
Poza Rica de Hidalgo,20.5333,-97.45
Cholula de Rivadabia,19.0633,-98.3064
San Luis Rio Colorado,32.4767,-114.7625
San Pablo de las Salinas,19.6656,-99.0917
Chilpancingo,17.55,-99.5
Manzanillo,19.0522,-104.3158
Ciudad Valles,21.9833,-99.0167
Cuautla,18.8167,-98.95
Chicoloapan,19.4167,-98.9
Guanajuato,21.0178,-101.2567
Comitan,16.2511,-92.1342
Ciudad del Carmen,18.6333,-91.8333
Cuauhtemoc,28.405,-106.8667
Lagos de Moreno,21.3564,-101.9292
Piedras Negras,28.7,-100.5231
San Cristobal,16.7367,-92.6383
Navojoa,27.0813,-109.4461
Jiutepec,18.8833,-99.1667
Papantla de Olarte,20.4478,-97.32
Tulancingo,20.0833,-98.3667
Chetumal,18.5036,-88.3053
Dolores Hidalgo Cuna de la Independencia Nacional,21.1516,-100.9369
Delicias,28.1931,-105.4717
Silao,20.9478,-101.4281
Garcia,25.8167,-100.5833
Tuxtepec,18.1,-96.1167
Tuxpam de Rodriguez Cano,20.95,-97.4
Zamora,19.9833,-102.2833
Tepatitlan de Morelos,20.817,-102.733
San Miguel de Allende,20.9142,-100.7436
Zacatecas,22.7736,-102.5736
Boca del Rio,19.1056,-96.1078
Colima,19.2433,-103.7247
Zinacantepec,19.2833,-99.7333
Santa Maria Texmelucan,19.2833,-98.4333
Heroica Guaymas,27.9183,-110.8989
Apatzingan de la Constitucion,19.0886,-102.3508
Ixtlahuaca,19.5689,-99.7669
Ciudad de Atlixco,18.9,-98.45
Ciudad Hidalgo,19.6923,-100.5574
San Pedro Garza Garcia,25.6667,-100.3
Chilapa de Álvarez,17.5944,-99.1778
Miramar,22.3375,-97.8694
Villa de Álvarez,19.25,-103.7333
Orizaba,18.85,-97.1
Temixco,18.85,-99.2333
Huejutla de Reyes,21.1333,-98.4167
Las Delicias,28.2,-105.5
San Francisco del Rincon,21.0228,-101.86
Tecoman,18.9089,-103.8747
Ciudad Mante,22.7333,-98.95
Fresnillo,23.175,-102.8675
Iguala de la Independencia,18.35,-99.5333
Cuautitlan,19.6833,-99.1833
Parral,26.9333,-105.6667
Escuintla,15.3194,-92.6583
San Felipe,21.4833,-101.2167
Lerma,19.2847,-99.5119
Zihuatanejo,17.6444,-101.5511
Tula de Allende,20.05,-99.35
Ciudad Rio Bravo,25.9861,-98.0889
San Luis de la Paz,21.3,-100.5167
Jilotepec,19.9519,-99.5328
Tizayuca,19.8333,-98.9833
San Felipe del Progreso,19.7125,-99.9511
La Piedad,20.3333,-102.0167
Taxco de Alarcon,18.5564,-99.605
Huauchinango,20.1767,-98.0528
Santa Cruz Xoxocotlan,17.0264,-96.7333
San Jose del Cabo,23.0614,-109.7081
Teziutlan,19.8178,-97.3667
Coatepec,19.4553,-96.9586
Tultepec,19.685,-99.1281
Tenancingo,18.9608,-99.5906
Paraiso,18.3961,-93.2128
Cadereyta Jimenez,25.6,-100
Santa Rosa Jauregui,20.7418,-100.4473
Acayucan,17.9422,-94.9103
Jalpa de Mendez,18.1764,-93.0631
Nacajuca,18.1692,-93.0197
Apizaco,19.4167,-98.1333
Cunduacan,18.0667,-93.1667
Cabo San Lucas,22.8897,-109.9156
Salina Cruz,16.1671,-95.2
Tepeji del Rio de Ocampo,19.9039,-99.3414
Cardenas,17.983,-93.367
Patzcuaro,19.5164,-101.6097
Ciudad Lerdo,25.55,-103.5167
Ciudad Lazaro Cardenas,17.9561,-102.1922
Agua Prieta,31.3258,-109.5489
Villa Victoria,19.4333,-100
Temoaya,19.4686,-99.5933
Ciudad de Huajuapam de Leon,17.8039,-97.7758
Kanasin,20.9344,-89.5578
Cozumel,20.5104,-86.9493
Zacatlan,19.9319,-97.96
Valle Alto,25.5667,-100.25
Juchitan de Zaragoza,16.4333,-95.0194
Fuentes del Valle,19.6325,-99.1386
Ixmiquilpan,20.4861,-99.2589
Tamazunchale,21.2667,-98.7833
Guamuchil,25.4639,-108.0794
Guasave,25.5744,-108.4706
Guasavito,25.5744,-108.4706
Tejupilco,18.9058,-100.1528
Frontera,26.926,-101.449
Rioverde,21.93,-99.98
Valle Hermoso,25.6736,-97.8144
Tepotzotlan,19.7161,-99.2236
Matehuala,23.6528,-100.6444
Comonfort,20.7167,-100.7667
Santa Catarina Otzolotepec,18.5667,-97.25
Juventino Rosas,20.65,-101
Playas de Rosarito,32.3422,-117.0561
Tecate,32.5667,-116.6331
Santo Domingo Tehuantepec,16.3184,-95.2478
Apaseo el Alto,20.45,-100.6167
Santiago Tianguistenco,19.1797,-99.4706
Misantla,19.9333,-96.85
Colonia del Sol,22.9125,-109.9208
Sabinas,27.86,-101.12
San Juan de Sabinas,27.9167,-101.3
Teoloyucan,19.7442,-99.1811
Linares,24.8597,-99.5679
Puerto Penasco,31.3167,-113.5369
Ocoyoacac,19.2739,-99.4606
Valle de Bravo,19.1925,-100.1306
Montemorelos,25.1872,-99.8267
Autlan de Navarro,19.7667,-104.3667
Amozoc,19.0333,-98.05
Heroica Caborca,30.7167,-112.15
Huehuetoca,19.8342,-99.2033
Altamira,22.3375,-97.8694
Uriangato,20.1333,-101.1667
Tlaltenango de Sanchez Roman,21.7815,-103.3059
Sombrerete,23.6333,-103.6397
Temascalcingo,19.9147,-100.0036
Acambaro,20.0361,-100.7314
Cortazar,20.483,-100.933
Jerez de Garcia Salinas,22.6481,-102.9903
Acambay,19.9539,-99.8431
Amealco,20.1881,-100.1439
Actopan,20.267,-98.933
Etchojoa,26.8667,-109.65
Nuevo Casas Grandes,30.4167,-107.9167
Jocotitlan,19.7072,-99.7867
Tequisquiapan,20.5206,-99.8958
San Jose Iturbide,21,-100.3833
Progreso,21.28,-89.67
San Pedro,25.7589,-102.9844
Pijijiapan,15.6867,-93.2092
San Jose Villa de Allende,19.3747,-100.1475
Acatzingo,18.9817,-97.7822
Huamantla,19.3133,-97.9228
Romita,20.8708,-101.5169
Berriozabal,16.7993,-93.2725
Zumpango,19.7969,-99.0992
Francisco I. Madero,25.7753,-103.2731
Tepeapulco,19.7856,-98.5517
Valladolid,20.6894,-88.2017
Matamoros,25.533,-103.25
Ramos Arizpe,25.55,-100.9667
San Buenaventura,19.2641,-99.6746
Santiago Teyahualco,19.6667,-99.1333
Calimaya,19.1608,-99.6172
Tizimin,21.1425,-88.1647
Santa Ana Chiautempan,19.3167,-98.1833
San Francisco de los Romo,22.0833,-102.2667
Tlalmanalco,19.2044,-98.8025
Villagran,20.517,-100.983
Ciudad Constitucion,25.0322,-111.6703
Cuautepec de Hinojosa,20.15,-98.4333
Parras de la Fuente,25.4403,-102.1792
Chiapa de Corzo,16.7083,-93.0169
Puerto Escondido,15.8619,-97.0672
Petatlan,17.5383,-101.2739
Zongolica,18.6642,-97.0011
Pedro Celestino Negrete,24.726,-102.984
Loreto,22.2667,-101.9833
Actopan,19.5036,-96.6192
Jesus Maria,21.9667,-102.35
Tepalcatepec,19.1833,-102.85
Atenco,19.5167,-98.9167
Empalme,27.9617,-110.8125
Nuevo Mexico,20.75,-103.433
Tequila,20.8794,-103.8356
Moroleon,20.1333,-101.2
Ocosingo,16.9072,-92.0961
Jaltipan de Morelos,17.9703,-94.7144
Izucar de Matamoros,18.6,-98.4667
Camargo,27.667,-105.167
Penjamo,20.4311,-101.7222
Yecapixtla,18.8833,-98.865
Matias Romero,16.8798,-95.0391
Emiliano Zapata,18.8667,-99.15
San Diego de la Union,21.4656,-100.8736
Uman,20.8833,-89.75
Villa del Carbon,19.7272,-99.5417
Apan,19.7,-98.4333
Galeana,24.8333,-100.0667
San Felipe Orizatlan,21.1719,-98.6064
Zacatelco,19.2167,-98.2333
Ciudad Manuel Doblado,20.7303,-101.9533
Xico,19.417,-97
Tlapa de Comonfort,17.5461,-98.5764
Santiago,25.4333,-100.1333
Mixquiahuala de Juarez,20.2311,-99.2131
Melchor Ocampo,19.7083,-99.1444
Perote,19.562,-97.242
San Blas,21.5397,-105.2856
Compostela,21.2389,-104.9
Paracho de Verduzco,19.65,-102.0667
Nueva Rosita,27.939,-101.218
Zinacantan,16.7597,-92.7222
Zacatepec,18.6833,-99.1833
Tamuin,22,-98.7833
La Barca,20.2903,-102.5456
Tonala,16.0894,-93.7514
Acaxochitlan,20.1667,-98.2
Zimapan,20.7333,-99.3833
Jimenez,27.13,-104.9067
Tuxpan,21.8667,-105.45
Salvatierra,20.2156,-100.8961
Santa Isabel,32.6314,-115.5756
Paso de Ovejas,19.285,-96.44
Calpulalpan,19.5869,-98.5683
Panuco,22.05,-98.1833
Temascalapa,19.8,-98.9
Villanueva,22.3536,-102.8831
Ticul,20.3953,-89.5339
Nueva Italia de Ruiz,19.0194,-102.1089
Ojuelos de Jalisco,21.8642,-101.5933
Ciudad Sabinas Hidalgo,26.5,-100.1833
Turicato,19.05,-101.4167
Coatepec Harinas,18.9,-99.7167
El Oro de Hidalgo,19.8008,-100.1314
Jaral del Progreso,20.3667,-101.0667
Amecameca de Juarez,19.1238,-98.7665
Tecozautla,20.5333,-99.6333
Cananea,30.9819,-110.3006
Tenosique,17.4756,-91.4225
Atotonilco de Tula,20.05,-99.1833
Champoton,19.35,-90.7167
Capulhuac,19.2,-99.4667
Escuinapa,22.9822,-105.7031
Macuspana,17.7667,-92.6
Huatabampo,26.8304,-109.63
Temascaltepec de Gonzalez,19.0433,-100.0414
Ometepec,16.6833,-98.4167
Cihuatlan,19.25,-104.5667
Ixtapan de la Sal,18.8333,-99.6833
Otumba,19.6969,-98.7547
Villa Donato Guerra,19.3083,-100.1422
Escarcega,18.6067,-90.7344
San Fernando,24.8504,-98.16
Navolato,24.7656,-107.7019
San Salvador,20.2833,-99.0153
Pabellon de Arteaga,22.15,-102.2667
Ciudad Sahagun,19.7714,-98.5803
Cuitzeo del Porvenir,19.9686,-101.1394
Villa Luvianos,18.92,-100.2983
Xochistlahuaca,16.7914,-98.2419
Ojinaga,29.5644,-104.4164
Rincon de Romos,22.2333,-102.3167
Nochistlan de Mejia,21.3642,-102.8464
Salinas Victoria,25.9667,-100.3
Tlalpujahua de Rayon,19.805,-100.1744
San Martin Hidalgo,20.435,-103.9286
Soledad de Doblado,19.0447,-96.4233
Atlautla,19,-98.7167
Catemaco,18.4167,-95.1167
Contla,19.3333,-98.1667
Abasolo,20.4511,-101.5289
Zempoala,19.9167,-98.6667
Tepehuacan de Guerrero,21.0131,-98.8442
Ozumba,19.0392,-98.7936
San Agustin Tlaxiaca,20.1144,-98.8867
Amatepec,18.65,-100.15
Atitalaquia,20.0583,-99.2208
Xalatlaco,19.1811,-99.4164
Tlaxcoapan,20.0953,-99.22
Jaltenco,19.7511,-99.0931
Ocuilan de Arteaga,19,-99.4
Santiago Papasquiaro,25.0439,-105.4192
Huaquechula,18.7667,-98.55
Zacualtipan,20.65,-98.65
Cuajinicuilapa,16.4717,-98.4153
Felipe Carrillo Puerto,19.5786,-88.0453
Huejotzingo,19.1594,-98.4073
Cueramaro,20.6258,-101.6739
Tepetlaoxtoc,19.5731,-98.8203
Pinal de Amoles,21.1342,-99.4586
Álamo,20.9167,-97.675
Santa Maria Tonameca,15.7458,-96.5472
Sultepec,18.8667,-99.95
Doctor Mora,21.1425,-100.3192
Hunucma,21.0153,-89.8744
Aldama,28.8386,-105.9111
Jamay,20.2944,-102.7097
Zumpango del Rio,17.65,-99.5
Ciudad Altamirano,18.3583,-100.6667
Álamos,27.0275,-108.94
Tecolutla,20.4797,-97.01
El Salto,23.7823,-105.3585
Tantoyuca,21.35,-98.2333
Ciudad Serdan,18.9833,-97.45
Cerro Azul,21.2,-97.7331
Ocampo,21.65,-101.5
Juchitepec,19.0997,-98.8792
Magdalena de Kino,30.6167,-111.05
Soledad Atzompa,18.755,-97.1522
Malinalco,18.9483,-99.4947
Frontera,18.5336,-92.6469
Tequixquiac,19.9097,-99.1417
Meoqui,28.2722,-105.4819
Santa Ana Nextlalpan,19.7167,-99.0667
Puente Nacional,19.3333,-96.4833
Castanos,26.7833,-101.4167
Alvarado,18.7811,-95.7572
Nava,28.4214,-100.7675
Atlatlahucan,18.935,-98.9
Jalpan,21.2167,-99.4725
Axapusco,19.7194,-98.7972
Xalisco,21.4481,-104.9
Chapa de Mota,19.8144,-99.5269
Tixtla de Guerrero,17.5667,-99.4
Chapala,20.2933,-103.1897
San Martin de las Piramides,19.7333,-98.8167
Heroica Ciudad de Tlaxiaco,17.2704,-97.68
Nogales,18.8167,-97.1667
Tepezala,22.2167,-102.1667
Comala,19.3208,-103.7603
Allende,28.3333,-100.8333
Atoyac de Álvarez,17.2,-100.4333
Loreto,26.0128,-111.3433
Naranjos,21.3472,-97.6833
Ciudad Miguel Aleman,26.4003,-99.0253
Calvillo,21.85,-102.7167
Huanimaro,20.3675,-101.4969
Chiconcuac,19.55,-98.9
Lerdo de Tejada,18.638,-95.5085
Hidalgotitlan,17.7833,-94.6333
Tapalpa,19.9445,-103.7585
Viesca,25.35,-102.8
Cotija de la Paz,19.81,-102.7047
Fortin de las Flores,18.9,-97
Landa de Matamoros,21.1819,-99.3203
Asuncion Nochixtlan,17.4592,-97.2261
San Blas Atempa,16.3167,-95.2167
Santiago Ixcuintla,21.811,-105.2079
Tepetlixpa,19.0006,-98.8178
Tulum,20.2119,-87.4658
Acatlan,20.1444,-98.4383
San Bartolo Tutotepec,20.4,-98.2
Victoria,21.2122,-100.2144
Miahuatlan de Porfirio Diaz,16.33,-96.6
Penamiller,21.0519,-99.815
Ciudad Guadalupe Victoria,24.4497,-104.1225
Zapotlan de Juarez,19.9667,-98.85
Santiago Tulantepec,20.0397,-98.3575
Ciudad de Huitzuco,18.3,-99.35
El Rosario,22.9922,-105.8572
Vicente Guerrero,23.75,-103.9833
Tenango de Doria,20.3356,-98.2267
Santiago Tuxtla,18.4704,-95.3
La Cruz,23.9214,-106.8919
Madera,29.19,-108.1414
Ayutla de los Libres,16.9,-99.2167
Amatitan,20.8333,-103.7167
Cardenas,22.0103,-99.6522
Chilcuautla,20.3333,-99.2333
Huasca de Ocampo,20.2028,-98.5758
Calkini,20.3667,-90.05
Tecuala,22.4004,-105.46
Cerritos,22.4275,-100.2783
Tlaxcala,19.3191,-98.1998
Tecpan de Galeana,17.25,-100.6833
Ciudad Hidalgo,14.6792,-92.1497
Tierra Blanca,21.1011,-100.1578
Guachochi,26.8194,-107.07
Tlayacapan,18.9556,-98.9811
San Andres Timilpan,19.8667,-99.7333
Cienega de Flores,25.95,-100.1833
Almoloya de Alquisiras,18.85,-99.85
Juan Aldama,24.291,-103.394
Santa Rosalia,27.3389,-112.2669
Tepoztlan,18.9853,-99.0997
Acala,16.5533,-92.8069
Apaxco de Ocampo,19.9733,-99.17
Zacualpan,18.7197,-99.78
San Pedro Pochutla,15.7463,-96.4652
Aldama,22.9194,-98.0736
Ascension,31.0928,-107.9964
Coquimatlan,19.2038,-103.8086
Cadereyta,20.7,-99.8167
Singuilucan,19.9675,-98.5178
Valparaiso,22.7667,-103.5667
Sonoita,31.8614,-112.8544
Maxcanu,20.5833,-89.9833
El Fuerte,26.4214,-108.62
Arroyo Seco,21.5472,-99.6883
Isla Mujeres,21.2084,-86.7115
Emiliano Zapata,19.65,-98.55
Tzintzuntzan,19.6283,-101.5789
Tempoal de Sanchez,21.5167,-98.3833
Cocotitlan,19.2167,-98.85
Mineral del Monte,20.1333,-98.6667
Balancan,17.8,-91.53
Abasolo,24.0559,-98.3733
Jose Maria Morelos,19.75,-88.7
Tolcayuca,19.95,-98.9167
Ángel R. Cabada,18.5969,-95.4453
Huandacareo,19.9906,-101.275
Espita,21.0128,-88.3047
Epazoyucan,20.0177,-98.6361
Santa Maria Huazolotitlan,16.3014,-97.9125
Xichu,21.2997,-100.0553
Gonzalez,22.8281,-98.4306
Temamatla,19.2028,-98.87
Joquicingo,19.0556,-99.5467
Saucillo,28.0333,-105.2833
Acanceh,20.8133,-89.4524
Nuevo Ideal,24.8875,-105.0728
Totolapan,18.9869,-98.9197
Villa Union,23.9667,-104.0333
Tlachichilco,20.6217,-98.1994
Tezontepec,19.8833,-98.8167
Soyaniquilpan,19.9892,-99.4361
Coalcoman de Vazquez Pallares,18.7771,-103.1596
Chichihualco,17.655,-99.674
Almoloya,19.7,-98.4
Santa Ana,30.5406,-111.1205
Tenango del Aire,19.1575,-98.8581
Tierra Colorada,17.1656,-99.5264
Jaltenango,15.8725,-92.725
Coroneo,20.1333,-100.3333
Canatlan,24.52,-104.78
Cuatro Cienegas de Carranza,26.9861,-102.0664
Hecelchakan,20.1667,-90.1333
Chavinda,20.0167,-102.45
Tetela del Volcan,18.8931,-98.7297
Mexicaltzingo,19.2092,-99.5858
Ciudad Tula,23,-99.72
Pajacuaran,20.1178,-102.5667
Platon Sanchez,21.2833,-98.3667
Imuris,30.7667,-110.8333
Jilotlan de los Dolores,19.3708,-103.0197
Cuencame de Ceniceros,24.8667,-103.7
Candelaria,18.1844,-91.0461
Jamapa,19.04,-96.24
Ciudad Cuauhtemoc,22.1842,-97.8325
Xicotencatl,22.9958,-98.9447
Tlahualilo de Zaragoza,26.1167,-103.45
Halacho,20.4764,-90.0819
La Huacana,18.9625,-101.8069
Zacualpan de Amilpas,18.7836,-98.7594
Ecatzingo,18.95,-98.75
Choix,26.7061,-108.3219
Altamirano,16.7361,-92.0389
Amatlan de los Reyes,18.8457,-96.9149
Tepechitlan,21.6667,-103.3333
Almoloya del Rio,19.1586,-99.4886
Monte Escobedo,22.3,-103.5667
Santa Maria del Tule,17.0465,-96.6363
Santa Cruz Atizapan,19.1756,-99.4886
San Jose de Gracia,22.15,-102.4167
Santo Tomas de los Platanos,19.1817,-100.2589
San Joaquin,20.9833,-99.5
Ayapango,19.1264,-98.8028
Tlacotalpan,18.6167,-95.6667
Ahuacatlan,21.0536,-104.4869
Santa Barbara,26.8133,-105.8203
Tlanalapa,19.8167,-98.6
Rayon,19.1481,-99.58
Ahumada,30.6186,-106.5122
Seye,20.8372,-89.3719
Concordia,23.2883,-106.0675
Nopaltepec,19.7819,-98.7125
Tacotalpa,17.5931,-92.8258
Altar,30.7136,-111.8353
El Higo,21.7667,-98.45
Guerrero,28.5478,-107.4856
San Pablo Villa de Mitla,16.917,-96.4
Tenabo,20.0333,-90.2167
Omitlan de Juarez,20.1697,-98.6478
Cuauhtemoc,19.3281,-103.6028
Santa Maria Huatulco,15.85,-96.3333
Hopelchen,19.7444,-89.8453
Conkal,21.0733,-89.5208
Ciudad Cerralvo,26.0899,-99.6147
Tlalnepantla,19.01,-99
Kantunilkin,21.1,-87.4833
Santa Eulalia,28.5939,-105.8878
San Buenaventura,29.8333,-107.4667
Ixtenco,19.2514,-97.8942
Villa Diaz Ordaz,16.9981,-96.4314
Cosala,24.4125,-106.6917
Tetecala,18.7167,-99.3833
Naco,31.3269,-109.9478
Ixtapan del Oro,19.2614,-100.2628
Celestun,20.8583,-90.4
Ixcateopan de Cuauhtemoc,18.5,-99.7933
San Antonino Castillo Velasco,16.8031,-96.6839
San Miguel Panixtlahuaca,16.2597,-97.3781
Santa Maria del Oro,25.9333,-105.3667
Dzilam Gonzalez,21.28,-88.9292
Guadalupe y Calvo,26.095,-106.9644
Sahuaripa,29.05,-109.2333
Mapimi,25.8331,-103.8478
Rosales,28.2,-105.55
Panindicuaro,19.9828,-101.7606
Sotuta,20.5968,-89.0082
San Nicolas Tolentino,22.2489,-100.5525
San Simon de Guerrero,19.0225,-100.0067
Palo Alto,21.9167,-101.9667
General Bravo,25.8,-99.1667
Totontepec Villa de Morelos,17.2567,-96.0269
Gomez Farias,29.3583,-107.7361
Lampazos de Naranjo,27.025,-100.5056
Nombre de Dios,23.85,-104.2333
Benjamin Hill,30.1667,-111.1
Penon Blanco,24.7833,-104.0333
Panaba,21.2964,-88.2706
Tayoltita,24.0833,-105.9333
Santa Catarina,21.1406,-100.0619
Ocampo,22.8444,-99.3358
Angostura,25.3653,-108.1622
Erongaricuaro,19.5833,-101.7167
Apozol,21.4667,-103.0833
Coatecas Altas,16.5392,-96.6689
Mier,26.4306,-99.1486
Alto Lucero,19.6167,-96.7333
Otatitlan,18.1772,-96.0342
Huitzilac,19.0283,-99.2672
Chucandiro,19.9003,-101.3317
Santa Maria Mixtequilla,16.3737,-95.2605
Baca,21.1092,-89.3986
San Ignacio,23.9367,-106.4275
Asientos,22.2397,-102.0889
Texcalyacac,19.1542,-99.4819
Nueva Ciudad Guerrero,26.5661,-99.2272
Santiago Textitlan,16.6911,-97.2597
General Cepeda,25.379,-101.479
Santiago Chazumba,18.1889,-97.6806
Mina,26.0167,-100.5167
El Oro,26.8592,-105.8475
San Pablo Coatlan,16.2167,-96.7833
Valle de Allende,26.9333,-105.4
Castillo de Teayo,20.75,-97.6333
Suchil,23.6333,-103.9167
Santiago Huajolotitlan,17.8256,-97.7314
Chicxulub Pueblo,21.1364,-89.5167
Minatitlan,19.3833,-104.05
Hueypoxtla,19.9,-99.0833
Xpujil,18.5056,-89.3972
Apango,17.7414,-99.3281
Santa Catarina Loxicha,16.0667,-96.75
Timucuy,20.8106,-89.5133
Santa Lucia Ocotlan,16.7411,-96.6808
Huayacocotla,20.55,-98.4833
Ocampo,19.5831,-100.3389
Sucila,21.1544,-88.3136
San Marcos,20.7833,-104.1833
Bustamante,26.5333,-100.5
Papalotla,19.5622,-98.8578
Ixil,21.1522,-89.4822
Badiraguato,25.3631,-107.5517
Ocampo,27.3139,-102.3972
San Mateo Yoloxochitlan,18.1422,-96.8681
San Esteban Atatlahuca,17.0664,-97.6775
Ignacio Zaragoza,29.6433,-107.7639
Tixpehual,20.9778,-89.4417
Ozuluama de Mascarenas,21.6667,-97.85
General Enrique Estrada,23,-102.7333
Santa Cruz Mixtepec,16.8,-96.8667
Chamula,16.7875,-92.6892
Amatlan de Canas,20.8,-104.4
Cenotillo,20.9656,-88.6025
Aporo,19.6697,-100.4097
Antiguo Morelos,22.5497,-99.0847
Palizada,18.2546,-92.0915
La Union,17.9667,-101.8167
Guadalupe,31.3897,-106.1014
Yaxcaba,20.5481,-88.8272
San Andres Duraznal,17.1333,-92.8083
Cienega de Zimatlan,16.8833,-96.7667
Juchitan,16.6256,-98.6353
Guanacevi,25.932,-105.954
Nautla,20.2167,-96.7833
Pluma Hidalgo,15.9258,-96.4178
Calotmul,21.0189,-88.1769
San Sebastian Coatlan,16.2,-96.8333
La Pe,16.6333,-96.8
Matamoros,26.7625,-105.5847
Ucu,21.0308,-89.7469
Santiago Ayuquililla,17.9342,-97.9581
Chalma,21.2167,-98.4
San Baltazar Chichicapam,16.7667,-96.4833
Texcaltitlan,18.9297,-99.9372
Tamazula de Victoria,24.97,-106.9656
Villa Talea de Castro,17.3617,-96.2483
Valle de Zaragoza,27.4572,-105.8108
Lopez,27,-105.0333
Praxedis G. Guerrero,31.3728,-106.0056
Tampico Alto,22.1167,-97.8
San Andres Dinicuiti,17.6833,-97.7333
Tinum,20.7664,-88.3917
Bachiniva,28.7686,-107.2536
Balleza,26.95,-106.35
Temoris,27.2667,-108.25
Topia,25.2167,-106.5667
Mococha,21.1056,-89.4514
Camaron de Tejeda,19.0167,-96.6167
Chinipas,27.4,-108.5333
Villa Hidalgo,17.1833,-96.1833
Iturbide,24.7253,-99.9
Temosachic,28.9533,-107.8306
Aculco,20.0983,-99.8269
Moris,28.1492,-108.5194
Julimes,28.4333,-105.4
Namiquipa,29.2503,-107.4092
San Francisco del Mezquital,23.4733,-104.3958
Aconchi,29.8167,-110.2167
Telchac Puerto,21.35,-89.2667
San Juan de Guadalupe,24.6167,-102.7667
Matachi,28.8431,-107.7556
Candela,26.8333,-100.6667
Carichi,27.9167,-107.05
La Cruz,27.8639,-105.1964
Hidalgo,27.7911,-99.8742
Momax,21.9333,-103.3167
Santo Domingo de Morelos,15.833,-96.6681
San Luis del Cordero,25.4167,-104.2667
Chiconamel,21.2333,-98.45
San Jose Ayuquila,17.9408,-97.9692
Apulco,21.3833,-102.6667
Zapotitlan Palmas,17.8889,-97.8178
Real de Catorce,23.6897,-100.8875
Bustamante,23.4353,-99.7569
San Jeronimo Silacayoapilla,17.8086,-97.8456
Santa Isabel,28.3422,-106.3683
Coahuayutla de Guerrero,18.3167,-101.8167
General Simon Bolivar,24.6833,-103.2167
Arivechi,28.9333,-109.1833
Nonoava,27.4667,-106.7333
Batopilas,27.0267,-107.7394
San Pedro Taviche,16.6364,-96.5372
Uruachi,27.8672,-108.2158
Cotaxtla,18.8333,-96.3833
Jimenez,29.0697,-100.675
San Francisco de Borja,27.8833,-106.6667
Huachinera,30.2,-108.95
Huepac,29.9,-110.2
Abasolo,27.1833,-101.4167
Coronado,26.7372,-105.1583
Urique,27.2167,-107.9167
Palmillas,23.3019,-99.5489
Villa Ocampo,26.45,-105.5167
Santa Maria Cortijo,16.45,-98.2833
Benito Juarez,20.8833,-98.2
Santa Cruz,31.2336,-110.5953
Colonia Manuel Gonzalez,19.075,-96.6958
Huasabas,29.9,-109.3
Guerrero,28.3083,-100.3769
Granados,29.8667,-109.2833
San Carlos,29.1,-103.9
Saric,31.1031,-111.3778
Apoala,17.6472,-97.1361
Fronteras,30.8961,-109.5583
San Cristobal de la Barranca,21.0444,-103.4292
Coneto de Comonfort,24.9833,-104.9333
Morelos,26.6708,-107.6775
Maguarichi,27.8581,-107.9939
Bocoyna,27.8403,-107.5892
Saltillo,19.2966,-97.299
Canelas,25.1,-106.5667
Atil,30.8436,-111.5836
Carretas,28.2489,-106.51
Coyame,29.4614,-105.0972
San Bernardo,25.9833,-105.55
San Andres,28.5458,-106.5017
Inde,25.9119,-105.2222
Conchos,27.5833,-105.3167
San Pedro del Gallo,25.55,-104.3
Villa Hidalgo,26.2486,-104.9144
Ocampo,28.1933,-108.3667
Santa Ana Ateixtlahuaca,18.1833,-96.9
Satevo,27.9542,-106.1064
San Juan Achiutla,17.3444,-97.5069
Opodepe,29.9167,-110.6167
Huejotitan,27.0667,-106.2
Valle del Rosario,27.3167,-106.3
San Martin Huamelulpam,17.3972,-97.6014
Ciudad Guzman,19.7,-103.4667
San Nicolas,24.6833,-98.8167
Cusihuiriachi,28.2411,-106.8367
Ciudad Ayala,18.7667,-98.9833
Los Reyes Acaquilpan,19.3636,-98.9771
Xico,19.2917,-98.9389
Ocozocoautla de Espinosa,16.7615,-93.3757
El Salto,20.5194,-103.1817
Arandas,20.7052,-102.3464
San Juan de los Lagos,21.2489,-102.3304
San Martin Texmelucan de Labastida,19.2843,-98.4388
Tlapacoyan,19.9617,-97.2108
San Antonio la Isla,19.1644,-99.5668
Huatusco,19.1489,-96.9661
San Andres Tuxtla,18.4487,-95.2133
Venustiano Carranza,16.3384,-92.5616
General Zuazua,25.897,-100.1082
Heroica Zitacuaro,19.4361,-100.3573
San Miguel el Alto,21.0301,-102.4041
Tuxpan,19.5556,-103.3759
Tacambaro de Codallos,19.235,-101.4582
Zapotlanejo,20.6225,-103.0677
Martinez de la Torre,20.0708,-97.0608
Ocotlan,20.3553,-102.7736
Tala,20.6536,-103.7009
Zinacatepec,18.3352,-97.2462
Villa Vicente Guerrero,19.119,-98.17
Sayula de Aleman,17.8819,-94.9599
Puente de Ixtla,18.6172,-99.3224
Valle de Santiago,20.3928,-101.1969
Motozintla,15.3669,-92.246
Cheran,19.6854,-101.9537
Jalostotitlan,21.1674,-102.4639
Reforma,17.8658,-93.1471
Teocaltiche,21.4342,-102.5745
Filomeno Mata,20.2,-97.7039
Nanchital de Lazaro Cardenas del Rio,18.0712,-94.4076
Nuevo San Juan Parangaricutiro,19.4,-102.1333
Cosamaloapan,18.3676,-95.7986
Ajalpan,18.3783,-97.2594
Tenango,19.1025,-99.5889
Villa Zaragoza,22.0397,-100.7297
Axochiapan,18.5,-98.75
Bochil,16.9962,-92.8922
Altepexi,18.3703,-97.2997
Zapotiltic,19.6275,-103.4175
Huixtla,15.1402,-92.4659
Atotonilco el Alto,20.5506,-102.5042
Rio Blanco,18.8304,-97.156
Jocotepec,20.2853,-103.429
Ciudad Mendoza,18.8033,-97.1808
Tlaquiltenango,18.6343,-99.1632
Rio Grande,23.8063,-103.0694
Mazatecochco,19.1787,-98.1868
Ixtaczoquitlan,18.85,-97.0667
Coatzintla,20.487,-97.4682
Palenque,17.5092,-91.9822
Cuautlancingo,19.09,-98.2732
Cosoleacaque,17.9994,-94.6364
Villaflores,16.2333,-93.2692
Las Choapas,17.9118,-94.0965
Sayula,19.8823,-103.6003
Encarnacion de Diaz,21.5271,-102.2401
El Grullo,19.806,-104.218
Tonanitla,19.6881,-99.0539
San Julian,21.0103,-102.1797
Yajalon,17.1728,-92.3331
Pinotepa,16.3401,-98.053
Puruandiro,20.0881,-101.5156
San Mateo Atenco,19.2676,-99.5321
Yuriria,20.2108,-101.1321
Comalapa,15.6583,-92.1414
Tierra Blanca,18.4489,-96.3572
Pichucalco,17.51,-93.1159
Magdalena,20.9074,-103.978
Ixtlan del Rio,21.03,-104.37
Jiquilpan de Juarez,19.9948,-102.7197
Valle de Banderas,20.8,-105.2333
Ciudad de Nanacamilpa,19.4925,-98.5353
Ciudad de Armeria,18.9378,-103.9642
Altotonga,19.7661,-97.2451
Jojutla,18.6152,-99.1798
Tatahuicapan,18.2462,-94.7612
Coyuca de Benitez,17.0333,-100.0667
Ixtlahuacan de los Membrillos,20.3467,-103.1914
Poncitlan,20.3796,-102.9256
Cacahoatan,14.9898,-92.1681
Emiliano Zapata,17.7414,-91.7636
San Fernando,16.8715,-93.2076
Zacapu,19.814,-101.7916
El Bosque,17.0627,-92.7215
Ayotlan,20.5281,-102.3283
Tingambato,19.5011,-101.8533
Purisima de Bustos,21.0333,-101.8667
El Pueblito,20.5397,-100.4414
Tepalcingo,18.595,-98.8454
Acaponeta,22.4964,-105.3594
Victor Rosales,22.9484,-102.7027
Quiroga,19.6656,-101.5229
Oluta,17.9282,-94.8969
Yautepec de Zaragoza,18.8833,-99.0667
Chignahuapan,19.8386,-98.0317
Cintalapa de Figueroa,16.6957,-93.7235
Huimanguillo,17.8337,-93.3893
Rafael Delgado,18.8101,-97.0717
Tarimbaro,19.7947,-101.1758
Isla,18.0278,-95.5295
San Ignacio Cerro Gordo,20.7456,-102.5347
Texistepec,17.8948,-94.8171
Coyotepec,19.7772,-99.2129
Agua Dulce,18.1391,-94.1453
Mecayapan,18.22,-94.8379
Ojocaliente,22.5667,-102.25
San Jose de Gracia,19.9892,-103.0256
Comalcalco,18.2632,-93.224
Banderilla,19.5889,-96.9373
Simojovel de Allende,17.1404,-92.7139
Libres,19.4664,-97.6867
Soconusco,17.9631,-94.881
Coscomatepec de Bravo,19.0727,-97.0469
Juanacatlan,20.5094,-103.1672
San Lorenzo Axocomanitla,19.2243,-98.2486
Las Rosas,16.3657,-92.3704
San Nicolas de los Ranchos,19.0714,-98.486
Yurecuaro,20.3411,-102.2824
Cuitlahuac,18.8145,-96.7223
Pastor Ortiz,20.3055,-101.5959
Tepatlaxco,19.0804,-97.9695
Naolinco de Victoria,19.65,-96.85
Atlacomulco de Fabela,19.7992,-99.875
Ario de Rosales,19.209,-101.7074
San Juan Colorado,16.4607,-97.9543
Ameca,20.5486,-104.0431
Jiquipilas,16.6681,-93.6467
Grajales,19.228,-97.8031
Pantelho,17.0056,-92.4716
Trancoso,22.7354,-102.367
Zaragoza,17.9531,-94.6414
Etzatlan,20.7684,-104.0774
Venustiano Carranza,20.1158,-102.6542
Villa Hidalgo,21.6762,-102.588
Union de San Antonio,21.1271,-102.0062
Carmen,25.9365,-100.364
Apaseo el Grande,20.5449,-100.6846
La Resolana,19.6052,-104.4343
Ixhuatlan del Sureste,18.0214,-94.3886
Tonatico,18.8056,-99.6701
Tezoyuca,19.5928,-98.9108
Teloloapan,18.35,-99.85
Villa Corzo,16.1851,-93.2688
Mecatlan,20.2105,-97.682
Yahualica de Gonzalez Gallo,21.1798,-102.8861
Tamalin,21.3394,-97.8119
Maravatio de Ocampo,19.8917,-100.4417
Villa Guerrero,18.96,-99.64
Paso del Macho,18.971,-96.7242
Acajete,19.1033,-97.9511
Ixhuatlancillo,18.8977,-97.149
Tlaltizapan,18.6863,-99.1187
Jesus Maria,20.6059,-102.2225
Huehuetan,15.0185,-92.3842
Nuevo Necaxa,20.2105,-98.0066
Xonacatlan,19.4022,-99.5325
Anahuac,27.2446,-100.1323
Concepcion del Oro,24.6167,-101.4167
Teapa,17.5497,-92.9521
Salinas de Hidalgo,22.628,-101.7142
Villa Garcia,22.1617,-101.9556
Playa Vicente,17.8311,-95.8119
Chilon,17.1057,-92.2729
Arcelia,18.2833,-100.2667
Jolalpan,18.325,-98.8449
Tabasco,21.8667,-102.9167
San Marcos,16.7977,-99.3892
Colotlan,22.113,-103.2671
Cocula,20.3656,-103.8232
Zacoalco de Torres,20.2282,-103.5687
Morelos,22.8621,-102.6106
Putla Villa de Guerrero,17.0263,-97.9285
Rayon,17.2008,-93.0116
Tila,17.3005,-92.4273
Santa Clara del Cobre,19.4058,-101.64
Santa Maria Xadani,16.362,-95.0183
Cuapiaxtla,19.2964,-97.7692
Doctor Arroyo,23.6721,-100.1813
Jalpa,21.6375,-102.9778
Coyutla,20.2472,-97.6582
Miahuatlan,18.2916,-97.2879
Aguililla,18.7342,-102.7883
Union de Tula,19.9565,-104.2681
Ciudad Fernandez,21.9405,-100.0115
Nealtican,19.0499,-98.4272
Huetamo de Nunez,18.6264,-100.8997
Juan Rodriguez Clara,17.9928,-95.401
San Lucas,16.6109,-92.7182
Las Vigas de Ramirez,19.637,-97.1
Villa de Zaachila,16.951,-96.7494
Tanhuato de Guerrero,20.2855,-102.3311
Mapastepec,15.4417,-92.896
Cruz Grande,16.7333,-99.1333
Tamiahua,21.2788,-97.4462
Suchiapa,16.6294,-93.0917
Chocaman,19.0121,-97.0329
Nacozari de Garcia,30.3833,-109.6833
Miahuatlan,18.5498,-97.4395
Chapultepec,19.2022,-99.5618
Benito Juarez,19.5859,-98.4283
San Ignacio Rio Muerto,27.415,-110.245
Nahuatzen,19.6551,-101.917
Zinapecuaro,19.8601,-100.8286
Soto la Marina,23.7667,-98.2167
Jala,21.1033,-104.4343
Zongozotla,19.9793,-97.7275
Tecalitlan,19.4718,-103.3072
El Arenal,20.7754,-103.6935
Juarez,17.6082,-93.1933
Las Margaritas,16.3153,-91.9817
Acolman,19.6387,-98.9104
Talpa de Allende,20.3808,-104.8221
Coacoatzintla,19.6516,-96.9404
Brisenas de Matamoros,20.2682,-102.562
Ruiz,21.95,-105.15
Tamazula de Gordiano,19.6801,-103.2514
Apetatitlan,19.3327,-98.196
Tecpatan,17.1333,-93.3167
Huixcolotla,18.9207,-97.7717
Ciudad Melchor Muzquiz,27.8793,-101.5161
Maltrata,18.8109,-97.2754
San Francisco Telixtlahuaca,17.2968,-96.9053
San Jeronimo de Juarez,17.1392,-100.4707
Ocotepec,17.2262,-93.1644
Dzilam de Bravo,21.3925,-88.8914
Villa Cuauhtemoc,19.4168,-99.5587
Acatic,20.78,-102.9106
Tuxpan,19.5661,-100.4625
Mascota,20.5261,-104.7878
Tlaxco,19.6139,-98.1186
Rafael Lucio,19.5931,-96.9902
Pueblo Nuevo,17.15,-92.8833
Teocelo,19.3833,-96.9667
Teotihuacan,19.6886,-98.8611
Santa Catarina Mechoacan,16.3359,-97.8371
Santiago Tangamandapio,19.95,-102.4333
Tototlan,20.5422,-102.7922
Pajapan,18.2627,-94.6917
Copainala,17.0937,-93.2106
San Gabriel Chilac,18.3167,-97.35
Jalapa,17.7,-92.8
Tenancingo,19.1473,-98.2013
Charcas,23.1297,-101.1133
Tres Valles,18.2391,-96.1357
Degollado,20.447,-102.1349
Jose Cardel,19.3667,-96.3667
Arriaga,16.2375,-93.9018
Teolocholco,19.2455,-98.1914
Totolapa,16.5436,-92.6802
San Buenaventura,27.0625,-101.5467
Tlacotepec,17.7667,-99.9833
Villa de Reyes,21.8031,-100.9342
Ezequiel Montes,20.6667,-99.8833
San Juan Xiutetelco,19.7956,-97.3258
Villa Purificacion,19.7184,-104.6046
Yanga,18.8329,-96.7984
Citlaltepec,21.3291,-97.8786
Tecoanapa,16.9877,-99.26
Papalotla,19.1675,-98.2103
Ayutla,20.1291,-104.3435
Xochihuehuetlan,17.9167,-98.4333
Mazamitla,19.9161,-103.0203
Zitlala,17.6333,-99.0833
Tlacojalpan,18.231,-95.9468
Miacatlan,18.75,-99.35
Concepcion de Buenos Aires,19.9782,-103.2598
El Naranjo,22.526,-99.3297
Pihuamo,19.2537,-103.3792
Santa Maria del Rio,21.7962,-100.7382
Chiapilla,16.5167,-92.7333
Villa Hidalgo,22.3568,-101.7126
Santa Apolonia Teacalco,19.2415,-98.3119
Ixtacomitan,17.4309,-93.097
Ixtapa,16.8032,-92.9053
Cedral,23.821,-100.7253
Tezonapa,18.6071,-96.6842
Ciudad del Maiz,22.4019,-99.6047
San Luis Acatlan,16.809,-98.7333
Cuetzalan,20.0333,-97.5167
Apaxtla de Castrejon,18.1313,-99.9326
Ahualulco de Mercado,20.7002,-103.9738
Mazatepec,18.7269,-99.3619
Álvaro Obregon,19.8238,-101.04
Pinotepa de Don Luis,16.4272,-97.9768
Xilitla,21.3868,-98.9901
Amatan,17.3743,-92.8189
Mochitlan,17.4719,-99.3705
Ixhuatlan del Cafe,19.05,-96.9833
Huitiupan,17.1717,-92.6858
Nieves,23.9961,-103.0201
Angamacutiro de la Union,20.15,-101.7111
Nopalucan,19.2184,-97.8227
Chietla,18.5203,-98.5789
Huamuxtitlan,17.8167,-98.5667
Quecholac,18.9572,-97.6611
Tarimoro,20.2886,-100.7581
Indaparapeo,19.7877,-100.9691
Tlaltetela,19.3142,-96.901
Tuzantan,15.0844,-92.2519
Miguel Auza,24.2942,-103.4509
Tecamachalco,18.8835,-97.7334
Domingo Arenas,19.14,-98.4568
San Pedro Atoyac,16.49,-97.9858
Palmar de Bravo,18.8357,-97.547
Pinos,22.2957,-101.5758
Ixtlahuacan del Rio,20.8641,-103.2403
Hidalgo,25.9833,-100.45
Mariano Escobedo,18.9147,-97.1307
Villa de Arista,22.6425,-100.8481
Zimatlan de Álvarez,16.8694,-96.7844
Vista Hermosa de Negrete,20.2717,-102.4749
Yehualtepec,18.7952,-97.6616
Cazones de Herrera,20.7042,-97.3099
Amaxac de Guerrero,19.3466,-98.1706
La Huerta,19.4844,-104.6438
Acapetahua,15.2819,-92.6899
Vega de Alatorre,20.0282,-96.6475
Acacoyagua,15.3409,-92.6756
Sanctorum,19.4933,-98.4716
Jamiltepec,16.2826,-97.8245
El Espinal,16.4853,-95.04
Tarandacuao,20,-100.5333
Pueblo Nuevo,20.5269,-101.3733
Tanquian de Escobedo,21.6059,-98.6628
Tepetzintla,21.1641,-97.8524
La Perla,18.9282,-97.1336
Atoyac,20.0097,-103.5165
Tizapan el Alto,20.1614,-103.044
Pesqueria,25.7833,-100.0537
Manlio Fabio Altamirano,19.1,-96.3333
Benemerito,16.5151,-90.6544
Teopisca,16.5418,-92.474
Jonuta,18.0898,-92.1381
Copanatoyac,17.4633,-98.7136
Cuanala,19.1092,-98.3279
Jitotol,17.0672,-92.8611
Xochitepec,18.7,-99.1833
Santa Catarina Ayometla,19.1979,-98.2156
Luis Moya,22.4341,-102.249
Nicolas Ruiz,16.4371,-92.5852
San Damian Texoloc,19.2783,-98.2854
Villa Gonzalez Ortega,22.5122,-101.9162
Nueva Villa de Padilla,24.0167,-98.7833
Úrsulo Galvan,19.4053,-96.3609
Animas Trujano,16.9909,-96.7132
Xaloztoc,19.4078,-98.046
Temoac,18.7739,-98.7781
Huiramba,19.546,-101.438
Villa Corona,20.4156,-103.6642
Ixtlan de los Hervores,20.1833,-102.4
Panotla,19.3162,-98.2701
Axtla de Terrazas,21.4392,-98.8751
Omealca,18.7473,-96.7852
Caxhuacan,20.0636,-97.6069
Tianguismanalco,18.9762,-98.4486
Huautla de Jimenez,18.1315,-96.8409
Querendaro,19.8095,-100.8906
Rosamorada,22.1221,-105.2064
Frontera Hidalgo,14.7774,-92.1774
San Matias Tlalancaleca,19.3253,-98.4967
Los Reyes de Juarez,18.9492,-97.8038
Atzacan,18.9072,-97.0831
Huiloapan,18.8176,-97.1515
Atlixtac,17.5667,-98.8833
Ahuacuotzingo,17.7,-98.9167
Tepeaca,18.9669,-97.8998
San Juan Huactzinco,19.2334,-98.2526
Xalpatlahuac,17.4667,-98.6167
Tamasopo,21.9225,-99.3925
Chinampa de Gorostiza,21.3596,-97.7348
Jalacingo,19.8,-97.3
Santa Ana Maya,20.0069,-101.0219
Ciudad Gustavo Diaz Ordaz,26.2319,-98.5956
Tapilula,17.2495,-93.0167
Rafael J. Garcia,19.2541,-97.1832
Acatlan,19.6968,-96.8422
Tlahuitoltepec,17.0931,-96.0644
Almoloya de Juarez,19.3704,-99.7572
Arteaga,18.3578,-102.2912
Ixhuatan,17.2934,-93.0083
La Magdalena Tlaltelulco,19.2829,-98.1961
Colon,20.7833,-100.05
Chiquilistlan,20.0878,-103.8607
Copala,16.65,-98.9833
Soyalo,16.8913,-92.9243
Jilotepec,19.6118,-96.9517
Tepeojuma,18.7247,-98.4463
Villa Jimenez,19.924,-101.7463
Jesus Carranza,17.4353,-95.0264
San Diego de Alejandria,20.9937,-101.9955
Zumpahuacan,18.8364,-99.5786
Coeneo de la Libertad,19.8167,-101.5833
Matlapa,21.3365,-98.8278
Villa Mariano Matamoros,19.3268,-98.3776
Ejutla de Crespo,16.5672,-96.7308
Chapultenango,17.3411,-93.1303
Ixtepec,20.0246,-97.6461
La Concordia,16.1161,-92.6889
Juchipila,21.4086,-103.1166
Pitiquito,30.6761,-112.0542
Santa Maria Coyotepec,16.9666,-96.7051
Huitzilan,19.9675,-97.6944
Xicohtzinco,19.1737,-98.2338
Altzayanca,19.4312,-97.7956
Copalillo,18.0333,-99.1167
Santa Maria del Oro,21.3327,-104.5872
Villa Juarez,27.1293,-109.8374
Pilcaya,18.7469,-99.675
Huajicori,22.6333,-105.3167
Terrenate,19.4769,-97.9186
San Pedro Piedra Gorda,22.4475,-102.3488
San Pedro Jicayan,16.4518,-98.0142
Siltepec,15.5572,-92.3231
Tecolotlan,20.2017,-104.0475
Rodeo,25.1786,-104.5595
Jerecuaro,20.1506,-100.5103
San Gregorio Atzompa,19.0235,-98.3482
Tlacolula de Matamoros,16.9547,-96.4759
Zapotitlan,19.5493,-103.8111
Tlacoachistlahuaca,16.8104,-98.3008
Chiautla,19.5494,-98.8797
Churumuco de Morelos,18.6633,-101.6474
Esperanza,18.8585,-97.3764
Acatlan,20.4226,-103.5905
Atoyac,18.9132,-96.7787
San Francisco Tetlanohcan,19.26,-98.164
Ciudad de Allende,25.2869,-100.0083
Hueyotlipan,19.4694,-98.3481
Juchique de Ferrer,19.8399,-96.6946
San Gabriel,19.748,-103.7673
Tonaya,19.7863,-103.9712
Huejuquilla el Alto,22.6255,-103.8978
Canitas de Felipe Pescador,23.6037,-102.727
Tlapehuala,18.2167,-100.5167
Rayon,21.8433,-99.6426
Santa Ana Nopalucan,19.2981,-98.3332
San Ciro de Acosta,21.6507,-99.8192
Numaran,20.2558,-101.9499
San Vicente Tancuayalab,21.7181,-98.5881
Oteapan,18.0017,-94.6662
Carbo,29.6833,-110.95
Huehuetla,20.4603,-98.0783
Tomatlan,19.9366,-105.2501
Carlos A. Carrillo,18.3748,-95.7544
Tierra Nueva,21.669,-100.5729
Zozocolco de Hidalgo,20.1405,-97.5757
Igualapa,16.7333,-98.6
Cuapiaxtla de Madero,18.9154,-97.8238
Mocorito,25.482,-107.9201
Teocuitatlan de Corona,20.0922,-103.378
Venado,22.93,-101.0954
Santa Maria Jalapa del Marques,16.4403,-95.4445
Metlatonoc,17.1939,-98.4092
Jonacatepec,18.6833,-98.8
Tataltepec de Valdes,16.3055,-97.5462
Gomez Farias,19.7936,-103.4765
Union Juarez,15.0628,-92.0808
Oxchuc,16.7859,-92.3445
San Juan Evangelista,17.8861,-95.1396
Moctezuma,29.8061,-109.6795
San Jose Chiltepec,17.9473,-96.1696
Teul de Gonzalez Ortega,21.4634,-103.4613
Teopantlan,18.7122,-98.2634
Pedro Escobedo,20.5,-100.1333
Villa Aldama,19.6498,-97.2228
Sabanilla,17.2838,-92.5531
Totolac,19.3258,-98.2583
Santo Domingo Tomaltepec,17.0612,-96.6228
Chinameca,18.022,-94.6795
Tomatlan,19.031,-97.0099
Olinala,17.8333,-98.85
Socoltenango,16.245,-92.3506
Valle Nacional,17.7764,-96.3
Tepetitla,19.2653,-98.3764
Tlaltenango,19.1717,-98.3407
Soteapan,18.2339,-94.873
Alpoyeca,17.6667,-98.5167
San Vicente Coatlan,16.3885,-96.8439
Tlalixtac de Cabrera,17.0711,-96.6471
San Pedro Lagunillas,21.2167,-104.7667
Teuchitlan,20.6848,-103.8492
San Jose Acateno,20.1307,-97.21
San Cristobal Amatlan,16.3171,-96.4078
Atemajac de Brizuela,20.1374,-103.7259
Florencia,21.5039,-103.5535
San Rafael,20.1833,-96.85
San Pedro Mixtepec,15.9821,-97.0798
San Felipe Usila,17.8879,-96.5247
Chenalho,16.8937,-92.6265
Ayotoxco de Guerrero,20.0959,-97.4096
Coapilla,17.1314,-93.1595
General Panfilo Natera,22.6646,-102.1101
Copandaro de Galeana,19.8925,-101.2139
Villa de El Carmen Tequexquitla,19.3243,-97.6535
Valle de Juarez,19.9325,-102.9436
San Andres Huaxpaltepec,16.3295,-97.9165
Coxquihui,20.1847,-97.5863
Tochtepec,18.8393,-97.8228
Tumbala,17.1636,-92.1853
Atoyatempan,18.8193,-97.9139
Acultzingo,18.7189,-97.3037
Santander Jimenez,24.2168,-98.4843
Teotitlan,18.1322,-97.0707
Tamazola,17.6702,-98.2208
Iliatenco,17.0456,-98.6861
Hualahuises,24.8858,-99.6728
Buenavista de Cuellar,18.45,-99.4333
Villa Comaltitlan,15.214,-92.5766
Santiago Maravatio,20.1667,-101
Juchitlan,20.0856,-104.0987
Valle de Guadalupe,21,-102.6167
La Canada,20.6064,-100.3314
Xochiapa,17.6635,-95.7349
Tequila,18.73,-97.0699
Salto de Agua,17.5543,-92.3394
Tuxtla Chico,14.9241,-92.1898
Cuichapa,18.7715,-96.8689
Santa Rita Tlahuapan,19.3321,-98.5769
Quechultenango,17.4147,-99.2411
Mezquitic,22.389,-103.7271
Tuxtilla,18.2389,-95.8946
Senguio,19.7342,-100.3539
Tonila,19.4111,-103.5479
Chumatlan,20.2057,-97.594
Chicontepec,20.9721,-98.1724
Chacaltianguis,18.3055,-95.8424
Magdalena Teitipac,16.9039,-96.5584
Tapeixtles,19.0691,-104.2834
Tapalapa,17.1119,-93.0617
Ocotlan de Morelos,16.7915,-96.6745
Tamazulapam,17.0548,-96.0653
Ébano,22.2181,-98.3771
Tlilapan,18.8056,-97.0987
Mazatan,14.8632,-92.4503
Catazaja,17.725,-92.0142
Francisco I. Madero,24.4009,-104.3198
San Pablo de las Tunas,18.9942,-97.7079
Villamar,20.0204,-102.5966
Jaumave,23.4062,-99.3807
Villa Azueta,18.0755,-95.7088
Hidalgo,24.2481,-99.439
Acuitzio del Canje,19.5,-101.3333
San Bartolo Coyotepec,16.9581,-96.7075
La Trinitaria,16.1186,-92.052
Tenejapa,16.8188,-92.5065
San Martin de Bolanos,21.6826,-103.8132
Tenamaxtlan,20.2174,-104.1646
Hostotipaquillo,21.0604,-104.0509
Toliman,20.908,-99.93
Tetlatlahuca,19.2323,-98.2956
Tepeyanco,19.2456,-98.2341
La Independencia,16.2526,-92.0237
Chicoasen,16.9661,-93.105
Tlacotepec,18.6844,-97.6533
La Manzanilla de la Paz,20.005,-103.1546
Canadas de Obregon,21.1493,-102.6874
Benito Juarez,19.3135,-100.4336
Irimbo,19.7008,-100.4785
Tlacuilotepec,20.3257,-98.0687
Mineral de Angangueo,19.6193,-100.2853
Penjamillo de Degollado,20.1,-101.9
Zitlaltepec,19.2052,-97.908
San Agustin Yatareni,17.082,-96.6658
Santa Cruz Quilehtla,19.2153,-98.2218
Acajete,19.5865,-97.01
Llera de Canales,23.3177,-99.0261
Tulcingo de Valle,18.0437,-98.4407
Cosio,22.3667,-102.3
Janos,30.8878,-108.19
Mazapa,15.2314,-92.1108
Totutla,19.2117,-96.9612
Hueytamalco,19.9403,-97.2885
Ignacio de la Llave,18.7258,-95.987
Teotitlan del Valle,17.0298,-96.5193
Zacazonapan,19.0728,-100.255
San Jorge Nuchita,17.6567,-98.1038
Texhuacan,18.6223,-97.0403
El Tuito,20.3204,-105.3247
Zaragoza,28.4932,-100.9223
San Lorenzo,16.3948,-97.874
San Miguel Tlacamama,16.4155,-98.063
Ixtlahuacan,18.9978,-103.7358
Tlalchapa,18.4,-100.4667
Ejutla,19.9054,-104.1617
Huaniqueo de Morales,19.8968,-101.5045
Saltabarranca,18.5912,-95.5323
Tetla,19.442,-98.1032
Alcozauca de Guerrero,17.4611,-98.3842
Sinaloa de Leyva,25.8219,-108.2226
Jalcomulco,19.3318,-96.7625
San Bartolome Ayautla,18.0324,-96.6708
Ajuchitlan del Progreso,18.15,-100.4833
Ures,29.4271,-110.3876
San Pedro Sochiapam,17.828,-96.6627
Honey,20.2388,-98.2125
Ahuehuetitlan,17.6713,-98.3202
Tlapanala,18.6958,-98.5356
Nazas,25.2246,-104.1146
Sain Alto,23.5809,-103.2481
Santa Ana Zegache,16.8371,-96.7295
Lazaro Cardenas,19.5395,-97.9837
Chontla,21.2958,-97.9242
Zapotitlan,18.3296,-97.474
San Andres Calpan,19.1036,-98.4619
Jungapeo de Juarez,19.4592,-100.4948
Santa Maria Colotepec,15.8972,-96.9375
Villa de la Paz,23.6762,-100.7117
Tlalixcoyan,18.8031,-96.0611
Villa Guerrero,21.9834,-103.5951
Colipa,19.9167,-96.7
Amanalco de Becerra,19.2537,-100.0198
Villa de Cos,23.2933,-102.3502
Casas Grandes,30.3753,-107.9483
Chiconquiaco,19.7421,-96.8185
Tepecoacuilco de Trujano,18.3,-99.4833
Tehuipango,18.5196,-97.0544
San Miguel Totolapan,18.1,-100.3583
Techaluta de Montenegro,20.0732,-103.5512
Acteopan,18.7639,-98.7137
Ixtapangajoya,17.4985,-93.0016
Tezoatlan de Segura y Luna,17.6539,-97.8107
San Pedro Huamelula,16.027,-95.6673
Jantetelco,18.7083,-98.77
Tumbiscatio de Ruiz,18.5267,-102.3782
China,25.7,-99.2345
Naranjal,18.8107,-96.9628
Mexticacan,21.2659,-102.7783
Abasolo,25.946,-100.3958
Arteaga,25.4506,-100.8496
Cuilapan de Guerrero,16.9776,-96.7808
Santiago Astata,15.9878,-95.6757
San Salvador el Verde,19.2667,-98.5167
Tlanepantla,18.8631,-97.887
Santiago Yolomecatl,17.4724,-97.5698
Tancanhuitz,21.5979,-98.9677
Chiquihuitlan de Benito Juarez,17.9958,-96.7447
Progreso de Zaragoza,20.2749,-97.7116
San Juanito de Escobedo,20.7944,-104.0025
San Raymundo Jalpam,16.9716,-96.757
Santiago Apostol,16.8038,-96.7205
Cuetzala del Progreso,18.2833,-99.8333
Vanegas,23.8846,-100.9515
Cuautepec,16.7,-99
Contepec,19.9543,-100.1638
Acapetlahuaya,18.4167,-100.0667
Osumacinta,16.9361,-93.0903
San Jeronimo Zacualpan,19.2428,-98.2632
San Pablo Huitzo,17.2771,-96.8866
San Francisco Lachigolo,17.0162,-96.5995
Villa Hidalgo,22.45,-100.7
Larrainzar,16.8839,-92.7133
Azoyu,16.7167,-98.7333
Aquismon,21.6216,-99.0198
Quiriego,27.5167,-109.2667
San Lorenzo Chiautzingo,19.2043,-98.4675
Tepetlan,19.6732,-96.7973
San Pablo Huixtepec,16.8195,-96.7813
La Chinantla,17.277,-94.451
Ayahualulco,19.3511,-97.1487
Cochoapa el Grande,17.1928,-98.4559
Coxcatlan,18.2671,-97.1508
Yecuatla,19.8661,-96.7784
Calcahualco,19.1234,-97.0845
Ocuituco,18.8667,-98.7667
San Jose Chiapa,19.2396,-97.7682
Magdalena Tequisistlan,16.3993,-95.602
Huehuetlan el Chico,18.3747,-98.6875
Santiago Matatlan,16.8661,-96.3834
San Martin Chalchicuautla,21.3703,-98.657
Malinaltepec,17.245,-98.6709
Amatenango del Valle,16.5285,-92.4313
Huejucar,22.3588,-103.2114
Coyuca de Catalan,18.3256,-100.6992
Santa Catarina de Tepehuanes,25.3396,-105.7245
Yecora,28.3708,-108.9288
Cumpas,29.9959,-109.7809
Soltepec,19.1218,-97.7091
San Bartolome Quialana,16.9019,-96.5012
Miahuatlan,19.7079,-96.8708
Quimixtlan,19.2534,-97.136
Huixtan,16.7106,-92.4532
Santiago Llano Grande,16.4906,-98.2885
Otzoloapan,19.1173,-100.2968
Metapa,14.8361,-92.1911
San Juan Guelavia,16.9551,-96.5436
Santa Clara,24.4753,-103.3572
San Pedro Quiatoni,16.783,-96.0309
Cutzamala de Pinzon,18.4678,-100.5809
Zapotlan del Rey,20.466,-102.9246
Ayoquezco de Aldama,16.6837,-96.8429
Texcatitlan,17.7126,-97.0662
Pantepec,17.1884,-93.05
Yaganiza,17.145,-96.2296
Ahualulco del Sonido Trece,22.4002,-101.1661
Yaxe,16.726,-96.4719
Emiliano Zapata,19.5585,-97.9179
Yaxkukul,21.0624,-89.4191
Petlalcingo,18.0831,-97.9189
Sergio Butron Casas,18.5139,-88.5688
Zirandaro de los Chavez,18.4762,-100.9791
San Lucas,18.5903,-100.7853
Atenango del Rio,18.0833,-99.1
Rosario,27.7833,-109.3667
Mitontic,16.8666,-92.6283
San Miguel Tilquiapam,16.7822,-96.5817
Chanal,16.6575,-92.2575
Santiago Suchilquitongo,17.2532,-96.8783
Cocula,18.2333,-99.6667
Dzitas,20.8409,-88.5291
San Juan Epatlan,18.6428,-98.3706
Nuevo Morelos,22.536,-99.2193
Metepec,20.2381,-98.3219
Marin,25.8833,-100.0333
Cuaxomulco,19.3526,-98.0967
Tampacan,21.402,-98.7282
Tepeyahualco,18.8143,-97.877
Cajonos,17.168,-96.2617
Villa de Arriaga,21.9092,-101.3822
Tampamolon Corona,21.5588,-98.8187
Acula,18.5056,-95.7743
Tenampa,19.2488,-96.8839
Santo Domingo Huehuetlan,18.7394,-98.1644
San Bartolome Loxicha,15.9698,-96.7096
Tlaxco,20.4235,-98.0292
Lagunillas,19.5627,-101.4158
Tonayan,19.683,-96.9212
Tuxcacuesco,19.6985,-103.9843
Hueyotlipan,18.9,-97.85
Cohuecan,18.7827,-98.7209
Cualac,17.7667,-98.6167
La Libertad,17.6874,-91.7207
San Jose Teacalco,19.3356,-98.0645
Santos Reyes Tepejillo,17.4378,-97.9385
Tenampulco,20.1704,-97.405
Montecristo,15.6926,-92.62
Bacum,27.5333,-110.0833
Chimaltitan,21.7798,-103.7807
Cuautitlan,19.4514,-104.3593
Candelaria Loxicha,15.9167,-96.4833
Santa Maria Tepantlali,16.9966,-96.0088
Landero y Coss,19.735,-96.8523
Trinidad Garcia de la Cadena,21.2103,-103.4653
Ahuazotepec,20.0454,-98.1633
Ostuacan,17.4072,-93.3356
Santa Maria Zoquitlan,16.5589,-96.3533
San Juan del Rio del Centauro del Norte,24.7782,-104.4583
San Dionisio Ocotepec,16.8046,-96.3933
Santiago Tetepec,16.3217,-97.7479
Amatitlan,18.4316,-95.7332
Santa Maria Temaxcalapa,17.3804,-96.1614
San Miguel Coatlan,16.197,-96.6946
Chicomuselo,15.7442,-92.2833
Nativitas,19.2361,-98.3139
Ixhuacan de los Reyes,19.3553,-97.1175
Xoxocotla,18.6466,-97.1524
Guachinango,20.5772,-104.3804
San Juan Quiotepec,17.6016,-96.5873
Amacuzac,18.6,-99.37
Solosuchiapa,17.4295,-93.0325
Baviacora,29.7,-110.15
Totatiche,21.9284,-103.444
Cuquio,20.9303,-103.0277
Villa de Ramos,22.8333,-101.9167
Atlequizayan,20.0121,-97.6242
Teotlalco,18.4711,-98.7778
Morelos Canada,18.7389,-97.4217
Santo Tomas Jalieza,16.8447,-96.6706
Hueyapan de Ocampo,18.1504,-95.1454
Ciudad Camargo,26.3144,-98.8338
San Lucas Quiavini,16.8956,-96.4681
Villa Union,28.2167,-100.7167
Santa Cruz Xitla,16.3232,-96.6737
Jiquipilco,19.5564,-99.6083
San Javier,28.6,-109.7333
Rayon,29.717,-110.583
Nacori Chico,29.6833,-108.9667
Moloacan,17.9854,-94.3471
Tepetzintla,19.9672,-97.8414
Nadadores,27.0633,-101.5936
Tuxcueca,20.154,-103.185
Silacayoapam,17.503,-98.1397
Zapotitlan Tablas,17.4367,-98.7756
Bolanos,21.8318,-103.7807
Güemez,23.9186,-99.0061
Gomez Farias,22.8869,-99.0258
Santa Maria Quiegolani,16.2771,-96.0527
Villa Hidalgo,30.1618,-109.3215
San Jeronimo Taviche,16.7147,-96.5936
Santa Isabel Cholula,18.9944,-98.3795
Zamora Pico de Oro,16.3316,-90.7657
El Limon,19.8255,-104.1563
Santa Cruz Tlaxcala,19.3547,-98.1508
Tilapa,18.5972,-98.5516
Tancoco,21.2862,-97.7914
Santa Maria de la Paz,21.5121,-103.408
Tlacoapa,17.2622,-98.7483
Tetipac,18.65,-99.6667
Tochimilco,18.8939,-98.5728
Huehuetla,20.1058,-97.6252
San Martin Itunyoso,17.2274,-97.8795
Acuamanala,19.2238,-98.1985
Alpatlahuac,19.1201,-97.0937
Atzitzintla,18.8991,-97.3244
Santa Cruz Acatepec,18.1637,-96.875
Tanlajas,21.6652,-98.886
Atzalan,19.7833,-97.2333
Marquelia,16.5833,-98.8167
Atlamajalcingo del Monte,17.3158,-98.6058
Munoz,19.4746,-98.2096
Coxcatlan,21.541,-98.9071
Chalchihuites,23.475,-103.8829
Cosautlan,19.332,-96.9903
Amacueca,20.0107,-103.5998
Santa Maria Chilchotla,18.2347,-96.8297
San Melchor Betaza,17.2527,-96.1528
Tlaquilpa,18.6102,-97.1185
San Pedro de la Cueva,29.2833,-109.733
Magdalena,18.7613,-97.0451
Mazapiltepec,19.1193,-97.7035
El Porvenir de Velasco Suarez,15.45,-92.2667
Villa Juarez,22.3231,-100.2683
Sacramento,27.0036,-101.7247
Constancia del Rosario,17.0382,-97.9413
San Jeronimo Tlacochahuaya,17.0087,-96.5827
Amatenango de la Frontera,15.4344,-92.1157
Los Reyes,18.6706,-97.0429
Coatlan del Rio,18.744,-99.435
Mixtlan,20.439,-104.4087
San Juan Coatzospam,18.0494,-96.7635
Ixcamilpa,18.0277,-98.6964
Atengo,20.2741,-104.2371
San Juan Teitipac,16.928,-96.6062
Chila,17.9696,-97.8607
Santa Ana Jilotzingo,19.5412,-99.3948
Santiago el Pinar,16.9407,-92.7145
Tatatila,19.6932,-97.1116
San Cristobal Lachirioag,17.3358,-96.165
Sochiapa,19.1929,-96.9399
Santa Clara Huitziltepec,18.7689,-97.8812
San Pedro Comitancillo,16.4903,-95.1599
Tepanco,18.555,-97.5603
Huanusco,21.7738,-102.9732
Texcatepec,20.585,-98.3654
San Miguel Ejutla,16.5805,-96.739
Tenochtitlan,19.8105,-96.9161
Santa Ana del Valle,16.9949,-96.4711
San Juan Petlapa,17.4692,-96.0361
Santa Maria Camotlan,17.8969,-97.692
Quitupan,19.9273,-102.8727
Chapulco,18.6259,-97.4047
Astacinga,18.569,-97.1038
Tlacotepec de Mejia,19.1895,-96.838
Huautepec,18.1014,-96.7959
Chalchihuitan,16.9644,-92.619
General Zaragoza,23.9732,-99.7723
Xochiltepec,18.6509,-98.3445
Totoltepec,18.6526,-98.3471
Atzala,18.5464,-98.5531
Zinaparo,20.1725,-101.9977
Ciudad General Teran,25.2667,-99.6833
Tlazala de Fabela,19.5556,-99.4174
Tuzantla,19.2079,-100.5729
Zontecomatlan de Lopez y Fuentes,20.7624,-98.3432
San Martin Tilcajete,16.8601,-96.6949
Bella Vista,15.5833,-92.2333
Jimenez del Teul,23.25,-103.8
Panuco,22.8761,-102.5412
Maravilla Tenejapa,16.0819,-91.1742
Suaqui Grande,28.4,-109.9
Asuncion Ocotlan,16.7619,-96.7214
Tepache,29.5167,-109.5167
Ixhuatlan de Madero,20.6888,-98.0118
Acatepec,17.3246,-98.9115
Santa Gertrudis,16.7833,-96.8
Santo Domingo Tepuxtepec,16.9558,-96.0582
Bacoachi,30.6333,-109.967
Tocatlan,19.3886,-98.0274
Divisaderos,29.6,-109.4667
San Agustin Chayuco,16.4023,-97.8082
San Miguel Mixtepec,16.7772,-96.9573
Trinidad Zaachila,16.9214,-96.7638
Magdalena Mixtepec,16.8966,-96.9062
San Sebastian Abasolo,16.9943,-96.587
Apazapan,19.3207,-96.7187
Santa Isabel Xiloxoxtla,19.2842,-98.3153
Sitala,17.0251,-92.3077
San Sebastian Teitipac,16.9519,-96.6143
Mazapil,24.6387,-101.5545
Tlalixtaquilla,17.5167,-98.4667
Genaro Codina,22.4876,-102.4575
Miquihuana,23.5757,-99.7544
Atolinga,21.7375,-103.475
Coetzala,18.7852,-96.917
Villagran,24.4726,-99.4911
Galeana,30.1139,-107.6164
Tetela de Ocampo,19.8167,-97.8
Tlacoatzintepec,17.8598,-96.5865
Jesus Maria,22.2506,-104.5179
Toliman,19.6014,-103.9152
Atenguillo,20.4155,-104.4939
Bacerac,30.35,-108.9167
La Yesca,21.3167,-104
Santa Maria Guelace,17.0012,-96.6035
Cuautempan,19.9138,-97.795
San Juan Chilateca,16.8304,-96.6692
Trincheras,30.4,-111.5333
Comapa,19.164,-96.8866
San Miguel del Puerto,15.9217,-96.175
San Juan Tabaa,17.305,-96.2072
Yauhquemehcan,19.407,-98.1823
Tzitzio,19.5858,-100.9247
Tzimol,16.1875,-92.1969
Nuevo Urecho,19.166,-101.8682
San Juan Juquila Vijanos,17.3537,-96.3038
Aldama,16.9171,-92.6884
Otaez,24.7003,-105.9957
San Jeronimo Coatlan,16.2321,-96.8705
San Francisco Sola,16.5158,-96.9749
San Antonio,21.6206,-98.9032
Medellin de Bravo,19.0587,-96.1578
Toxpalan,18.1012,-97.0587
Ciudad de Villaldama,26.4995,-100.4251
Tuzamapan,20.0657,-97.5752
Zoquitlan,18.3352,-97.0174
San Pedro Mixtepec,16.2706,-96.2841
Pahuatlan de Valle,20.2761,-98.1503
Cucurpe,30.3305,-110.7061
San Andres Huayapam,17.1026,-96.6656
Rojas de Cuauhtemoc,17.0059,-96.6192
San Miguel Aloapam,17.4114,-96.6915
San Juan Cancuc,16.8927,-92.3701
Ixcapuzalco,18.6,-99.9167
Espanita,19.4629,-98.4243
Ilamatlan,20.7805,-98.4432
Acaxtlahuacan de Albino Zertuche,18.0171,-98.5402
Tepatlaxco,19.0693,-96.8448
Vallecillo,26.6603,-99.9874
San Andres Yaa,17.2929,-96.1538
San Ildefonso Villa Alta,17.3383,-96.1523
Mezquital del Oro,21.2155,-103.3621
Dos Rios,19.4817,-96.7977
Mixtla de Altamirano,18.5959,-96.9929
San Juan Atzompa,18.745,-98.0245
San Andres Tenejapan,18.7892,-97.094
Santiago Yogana,16.4613,-96.7879
Agualeguas,26.3167,-99.5333
San Juan de los Cues,18.0465,-97.0602
Coatzingo,18.612,-98.1727
San Juan Mixtepec,17.3054,-97.8316
Santa Maria Lachixio,16.7281,-97.0192
San Juan del Estado,17.2743,-96.7991
Guadalcazar,22.618,-100.3994
Noria de Ángeles,22.4432,-101.9085
Ahuatlan,18.5728,-98.2569
Jaltepetongo,17.6862,-97.0357
Quintana Roo,20.8686,-88.6314
San Marcos Arteaga,17.7224,-97.8603
Xagacia,17.1544,-96.2675
Bavispe,30.4793,-108.9398
Mier y Noriega,23.4225,-100.1173
San Lucas Tecopilco,19.4863,-98.2561
San Agustin Atenango,17.6115,-98.0109
San Carlos Yautepec,16.497,-96.1065
Huimilpan,20.3667,-100.2833
Santa Cruz Papalutla,16.9563,-96.5831
Tecali,18.9006,-97.9706
Jonotla,20.0303,-97.5753
Xaltocan,19.417,-98.2
San Bartolo,19.787,-99.6678
San Andres Solaga,17.2725,-96.2361
Santiago Camotlan,17.4454,-96.1851
Los Ramones,25.7,-99.6167
Moctezuma,22.7479,-101.0822
Moyahua de Estrada,21.2666,-103.1661
Lamadrid,27.0497,-101.7947
San Sebastian Nicananduta,17.5183,-97.6835
San Lorenzo Cuaunecuiltitla,18.2066,-96.9132
General Trevino,26.2232,-99.485
Tamarindo,18.8004,-96.5726
Aquixtla,19.7958,-97.9355
Ayutla,17.0276,-96.0763
Casas,23.7269,-98.7366
Santiago Laxopa,17.2184,-96.311
Santa Catarina Cuixtla,16.3062,-96.6424
Burgos,24.9472,-98.7992
Arizpe,30.3308,-110.1692
Cuautla,20.2018,-104.4061
Calihuala,17.5313,-98.2779
San Sebastian del Oeste,20.7618,-104.8527
Banamichi,30.0167,-110.2167
San Lorenzo Albarradas,16.9113,-96.2583
Mexquitic de Carmona,22.2664,-101.1127
Tlacolulan,19.6669,-97.0019
San Pedro Apostol,16.737,-96.7247
San Pedro Martir Quiechapa,16.4152,-96.2445
Tepemaxalco,18.734,-98.6292
Huehuetlan,21.5465,-98.9677
San Antonino Monteverde,17.534,-97.7212
Santiago Tillo,17.4609,-97.3202
La Grandeza,15.5103,-92.226
San Jose del Rincon Centro,19.6622,-100.1531
Tanetze de Zaragoza,17.3762,-96.3011
Mendez,25.1182,-98.5867
Zautla,19.7148,-97.6715
Cruillas,24.7566,-98.5374
San Bartolo Yautepec,16.4293,-95.9744
San Felipe de Jesus,29.8597,-110.2397
Los Herreras,25.908,-99.4048
San Juan Yaee,17.43,-96.2835
Vetagrande,22.8328,-102.5556
Santiago Lalopa,17.4179,-96.2489
Santiago Cacaloxtepec,17.7216,-97.7404
Texmelucan,16.5851,-97.1991
Chigmecatitlan,18.6463,-98.072
San Baltazar Loxicha,16.0767,-96.7874
Santa Catarina Minas,16.7792,-96.6155
Santa Catalina Quieri,16.3214,-96.2662
San Pedro Yolox,17.5891,-96.5523
San Lorenzo,17.6687,-98.1199
Mixtla,18.905,-97.8955
Atlahuilco,18.6972,-97.0916
Mazatlan Villa de Flores,18.0326,-96.914
Onavas,28.45,-109.5167
Santa Maria la Asuncion,18.1077,-96.8138
San Miguel de Horcasitas,29.4833,-110.75
Progreso,27.4167,-100.9833
Alaquines,22.1333,-99.6
Xayacatlan de Bravo,18.2371,-97.9752
San Jeronimo Tecoatl,18.1663,-96.9126
San Vicente Lachixio,16.705,-97.0186
San Mateo Nejapam,17.656,-98.4166
Tepetongo,22.4581,-103.1514
Santa Ana Tlapacoyan,16.7434,-96.8369
Santa Catarina Quiane,16.8825,-96.7407
Tzompantepec,19.3761,-98.0901
San Juan Bautista Jayacatlan,17.4244,-96.8231
Santa Catarina Tlaltempan,18.6154,-98.0808
Santo Domingo Tonala,17.6735,-97.9656
San Jose Estancia Grande,16.3655,-98.2509
El Salvador,24.5209,-100.8663
Zacapala,18.5942,-98.0658
San Pedro Ocopetatillo,18.1864,-96.9117
Atarjea,21.2678,-99.7191
Santo Domingo,23.3267,-101.7361
San Agustin Amatengo,16.5109,-96.7892
Bacadehuachi,29.8,-109.1333
Huatlatlauca,18.6815,-98.0504
Melchor Ocampo,24.8314,-101.6422
Tlachichilco,17.6222,-98.3431
Axutla,18.1894,-98.3893
San Lucas Zoquiapam,18.1367,-96.9055
San Jose Tenango,18.1508,-96.7174
San Juan Yatzona,17.4018,-96.1688
Santa Maria de los Ángeles,22.1736,-103.2246
Santo Domingo Roayaga,17.3378,-96.1151
Santa Maria Jacatepec,17.8613,-96.2085
Sunuapa,17.4917,-93.2439
Santa Maria Ecatepec,16.285,-95.88
Bejucal de Ocampo,15.45,-92.15
Hueycantenango,17.4833,-99.1
Zoquiopan,20.009,-97.5961
Sierra Mojada,27.3,-103.6833
Eloxochitlan de Flores Magon,18.1772,-96.8754
Aquila,18.7956,-97.3084
Asuncion Tlacolulita,16.2994,-95.7267
Nanahuatipam,18.1341,-97.125
Tantima,21.3323,-97.8333
Yalina,17.2397,-96.2623
San Martin de los Canseco,16.6565,-96.7278
Tlalnelhuayocan,19.5667,-96.9667
Doctor Gonzalez,25.8598,-99.9441
San Jose Lachiguiri,16.3778,-96.3359
San Juan Sayultepec,17.4531,-97.2848
San Carlos,24.5822,-98.9421
Yucuita,17.5107,-97.2697
Magdalena Yodocono de Porfirio Diaz,17.3847,-97.3553
Santa Maria Yavesia,17.2353,-96.4306
San Jeronimo Xayacatlan,18.2203,-97.9129
Santa Ines Yatzeche,16.8066,-96.7572
Higueras,25.9601,-100.0152
Xicotlan,18.0592,-98.5246
Polotitlan de la Ilustracion,20.2253,-99.8154
Santo Domingo Ozolotepec,16.1502,-96.3105
Escobedo,27.235,-101.4122
El Plateado de Joaquin Amaro,21.9333,-103.1
San Bernardo Mixtepec,16.8258,-96.8991
Juarez,27.6075,-100.7266
Santa Maria Yucuhiti,17.0187,-97.7695
Susupuato de Guerrero,19.2151,-100.408
Santiago Xanica,16.0101,-96.2246
San Mateo Cajonos,17.1615,-96.2078
Santiago Comaltepec,17.5655,-96.5487
San Juan Mixtepec,16.2771,-96.3006
Teojomulco,16.5903,-97.2249
Santa Maria Teopoxco,18.1666,-96.9549
La Colorada,28.8,-110.5667
Susticacan,22.6094,-103.0967
San Miguel Tenango,16.2666,-95.5953
Tlatlaya,18.6169,-100.2081
Santiago Miltepec,17.9846,-97.6901
Taniche,16.5686,-96.7551
Yucuyachi,17.6086,-98.1967
Ixtacamaxtitlan,19.6235,-97.8154
Oquitoa,30.7333,-111.7333
Villa Pesqueira,29.1181,-109.9675
Bacanora,28.9833,-109.4
San Pablo Cuatro Venados,16.9812,-96.891
Santa Maria del Oro,19.5868,-102.9095
Totoltepec de Guerrero,18.2256,-97.8551
Santiago Atzitzihuacan,18.8233,-98.5838
San Juan Ozolotepec,16.133,-96.2593
Santa Cruz Nundaco,17.1711,-97.7238
Magdalena Jaltepec,17.3232,-97.2212
Paras,26.5001,-99.5216
Santiago Nuyoo,17.0145,-97.7666
San Francisco Cajonos,17.1709,-96.2502
San Pedro y San Pablo Tequistepec,18.0611,-97.7182
San Juan Diuxi,17.286,-97.37
Chila de la Sal,18.1097,-98.4857
Aramberri,24.1006,-99.8181
Armadillo de los Infante,22.2449,-100.6558
San Juan Ñumi,17.3973,-97.7062
Villa de Guadalupe,23.3738,-100.757
Santiago Texcalcingo,18.2083,-96.9689
San Juan Ihualtepec,17.7402,-98.2889
Melchor Ocampo,26.055,-99.5438
Santiago Tenango,17.3249,-97.0047
San Miguel Tecomatlan,17.3945,-97.2685
Santo Tomas Ocotepec,17.1445,-97.7633
El Tule,27.0538,-106.2655
Tubutama,30.8847,-111.4639
San Miguel Ixitlan,18.0008,-97.7748
Los Aldamas,26.0622,-99.1956
Zacualpan,20.4333,-98.3483
Atlangatepec,19.5322,-98.2089
Las Minas,19.6909,-97.146
Santiago Zoochila,17.2206,-96.2421
Chicahua,17.6367,-97.195
Santa Ana,16.3414,-96.717
Lagunillas,21.5901,-99.566
Magdalena Zahuatlan,17.3898,-97.2275
Santa Cruz de Bravo,17.581,-98.2238
San Pedro Martir Yucuxaco,17.4325,-97.611
Albarradas,17.0675,-96.2001
San Francisco Jaltepetongo,17.3858,-97.2648
San Mateo Etlatongo,17.4161,-97.2739
Coixtlahuaca,17.7202,-97.3188
San Pablo Macuiltianguis,17.5335,-96.5521
San Francisco Huehuetlan,18.1972,-96.9481
Santa Ines del Monte,16.9239,-96.8624
San Francisco Ozolotepec,16.1008,-96.2218
San Andres Sinaxtla,17.4693,-97.283
Rayones,25.0181,-100.0732
San Pedro Tidaa,17.3412,-97.3724
Villa Mainero,24.5601,-99.6156
Zoogocho,17.2401,-96.243
Doctor Coss,25.9333,-99.1667
Santiago Tilantongo,17.25,-97.2833
El Guayabito,19.9496,-102.4441
Santa Maria Chachoapam,17.5257,-97.2842
Santa Catarina,21.6572,-99.4958
San Ildefonso Amatlan,16.3339,-96.4912
San Vicente Nunu,17.4565,-97.4432
San Miguel Huautla,17.7454,-97.1371
Soyopa,28.7667,-109.633
San Simon Almolongas,16.4066,-96.7193
San Cristobal Amoltepec,17.2843,-97.5722
San Pedro Topiltepec,17.4363,-97.344
San Juan Lachigalla,16.5895,-96.5505
Cosoltepec,18.1425,-97.7908
San Lorenzo,28.1535,-106.477
Ixpantepec Nieves,17.5069,-98.0426
San Pedro Coxcaltepec,17.4997,-97.1379
San Luis Amatlan,16.3865,-96.4982
San Francisco Chindua,17.4281,-97.3127
Naupan,20.2263,-98.1205
Yatzachi,17.2259,-96.2214
Tepetlapa,17.666,-98.3919
Santa Catarina Tayata,17.3472,-97.5582
Santa Maria Apazco,17.6343,-97.1003
San Nicolas,16.4201,-96.7413
San Mateo Pinas,16.0005,-96.3345
Santiago Huauclilla,17.4518,-97.0728
Santiago Nejapilla,17.4198,-97.3741
Nativitas,17.6616,-97.3357
Santa Maria Sola,16.5662,-97.013
San Francisco Nuxano,17.3817,-97.3426
Yagul,16.9641,-96.4534
Sitio de Xitlapehua,16.3514,-96.5322
San Miguel Achiutla,17.309,-97.4839
Santa Cruz Tayata,17.3572,-97.5684
Santa Maria del Rosario,17.3528,-97.5948
Santa Maria Nduayaco,17.41,-97.4932
Santo Domingo Yodohino,17.6169,-97.6829
Cerro de San Pedro,22.2173,-100.8001
Santiago Nundiche,17.3314,-97.6739
Espinal,20.2432,-97.4072
Ixtacatepec,21.206,-97.9877
San Jeronimo Sosola,17.3668,-97.0329
Santo Domingo Tlatayapam,17.4078,-97.3458
Soyaltepec,17.5917,-97.3082
Morelos,28.4075,-100.8856
